N,p,t_par_s,comm_pct,moved_pct,min_bucket,avg_bucket,max_bucket,balance_eff,bucket_cv,max_min,thr_par_melems,qs_min_s,qs_avg_s,thr_qs_melems,speedup,par_eff
100000,8,0.229450,55.265640,87.677000,12181,12500.000000,12766,0.979163,0.016834,1.048026,0.435825,0.010587,0.014897,9.445561,0.046141,0.005768
500000,8,0.088710,28.523007,87.478000,61853,62500.000000,63306,0.987268,0.008749,1.023491,5.636322,0.054372,0.057734,9.195912,0.612916,0.076615
1000000,8,0.128268,7.595124,87.455900,123606,125000.000000,126689,0.986668,0.008178,1.024942,7.796194,0.100251,0.103558,9.974991,0.781574,0.097697
